full_text,reclamacao
Sem a m√≠nima vontade de ir pra escola e encara as duas aulas de hist√≥ria,n√£o
"@paypervitu T√° ruim assim? T√° sem luz no meu bairro, q √© o bairro da escola tamb√©m",n√£o
"caraca meu professor de ingl√™s pisa em todos daquela escola sem d√∫vidas, mesmo que eu esteja que nem uma morta viva na escola as aulas deles sempre me deixam mais interessada",n√£o
"Eu so nao quero e ter aulas pq tar na escola at√© q √© fixe,, mas SEM AULAS !",n√£o
sem mdd n√£o tenho vontade nenhuma de ir pra escola desde que as aulas come√ßou eu s√≥ fui 2 dias kkkk n√£o tenho for√ßas pra continuar,n√£o

"Tem Carro e CNH mas FALTA CORAGEM PARA DIRIGIR?

Tratamento Completo e R√°pido para quem tem MEDO DE DIRIGIR, s√≥ R$680, em 10x no cart√£o. Sem pagar por aulas adicionais na auto escola. Oferta v√°lida somente para os 10 primeiros.

- Para voc√™ ter liberdade‚Ä¶https://t.co/9qUoSLISKP",n√£o

"eu tive uma semana inteira sem aulas por causa do carnaval, eu quero voltar pra escola mesmo passando raiva por motivo bobo o dia todo",n√£o

"Sei o tal Hino Nacional completo desde sempre e realmente n√£o me ajudou em ABSOLUTAMENTE NADA.
Filma a tua Escola sucateada, Diretor, Pedagogo, Professor! Mostra Ela sem merenda, sem o m√≠nimo que garanta... https://t.co/u0iCfDCcEp",n√£o

"as aulas come√ßam semana q vem e eu n√£o to preparada p isso, ainda mais em outra escola e sem uns amigos q sempre estiveram cmg",n√£o

"Hoje a merenda na escola do Cadu foi: p√£o puro. Sem margarina. Puro. Seco.
Obrigada prefeitura de campo grande. Por sorte meu filho vai alimentado... j√° outros...",sim

Jaja as aulas voltam e eu sem escola kkkk,n√£o

N√£o da pra ir pra escola sem ter aquelas aulas que te motivam a continuar,n√£o

"@LKosenhoski N√£o tem como, um bando de sem estudos devem ir na escola s√≥ pra merenda e Ed f√≠sica...",n√£o

"O tipo de professor que o eleitor de Jair Bolsonaro gosta √© o nazista.

Ele existe e ainda d√° aulas.

N√£o s√≥ dele o Escola Sem Partido n√£o reclama, como os eleitores de Jair Bolsonaro at√© o indicam para cargos no Minist√©rio da Educa√ß√£o.

At√© pra ministro, por que n√£o? https://t.co/GsF0t2JJtO",n√£o

"a √∫nica coisa boa dessa escola √© que a fila da merenda das meninas √© separada dos menino, nao vou ter que aturar macho sem educa√ß√£o",n√£o

Tweet de Escola sem Partido (@escolasempartid) Escola sem Partido (@escolasempartid) tweetou: Gravar/filmar aulas √© ato de leg√≠tima defesa contra os predadores ideol√≥gicos disfar√ßados de professores. https://t.co/cy6uggPAk4 https://t.co/qlWsolEnTI,n√£o

Acabei de receber uma not√≠cia de uma m√£e de um aluno da EC 39 do P.Norte que na escola os alunos est√£o sem merenda por que n√£o tem g√°s. Ser√° isso verdade? Se for √© o c√∫mulo do descaso com a educa√ß√£o. @Gov_DF @educadf @IbaneisOficial,sim

"Povo tava falando que o @DiiegoBorges ia embora da escola, achei que era zoeira, mas j√° que √© real, eu s√≥ tenho √° agradecer por cada segundo que passei com vc nas aulas, eram as melhores, dava gra√ßas a Deus por ter aula com o senhor, voc√™ sem d√∫vidas alguma foi o melhor professor",n√£o

"Al√¥ ministro S√©rgio Moro.
Pode dar uma forcinha aqui em SJM? 
A coisa t√° feia. Os contratos s√£os suspeitos, as movimenta√ß√µes pol√≠ticas tamb√©m. Aposentado n√£o recebe e a escola est√° sem merenda. 
No final das contas para o prefeito @DrJoaoOficial, BANDIDO √© quem n√£o pagou o IPVA. https://t.co/qoTW3U9auU",sim

"@rodrigobocardi Bom Dia Borcadi,Aqui na escola Joanna Abra√£o na Am√©ricanopolis tbm t√° sofrendo com a merenda desdo come√ßo das aulas em fev √†s crian√ßas est√£o sem merenda t√£o comendo s√≥ bolacha,bolinho,e uma vitamina de caixinha √© um absurdo isso o que t√° acontecendo nas escolas",sim

"esse ano n√£o tem apostila, minha escola ta sem merenda, a estrutura do predio √© horrivel, professores mais faltam do que v√£o al√©m daqueles que d√£o aula igual o cu dele mas de acordo com o ministro da educa√ß√£o isso se resolve pelo hino nacional *-*",sim

"QUE SACANAGEM!

""Gostaria de pedir uma ajuda.
A Escola Municipal √ârico Verissimo que fica localizada no bairro Fazenda Botafogo  perto de Acari.
Os alunos est√£o sem aula e ficaram at√© sexta porque marginais roubaram os fios da escola ela 4¬∞ vez esse ano"" https://t.co/Gzyk7oAHDV",sim

"(NOT√çCIA DO DIA DE ANAG√â) ""RUA DO CEMIT√âRIO N√ÉO √â LIX√ÉO""

QUERO AQUI PEDIR AOS MORADORES DAS OUTRAS RUAS VIZINHA DA RUA DO CEMIT√âRIO QUE N√ÉO VENHA JOGAR LIXO AQUI NA RUA, O CAMINH√ÉO DO LIXO PASSAR TODOS OS DIAS... https://t.co/pRS4QBnd59",sim

"Bairro Vista Alegre

Rua Carlota Antunes, moradores pedem o caminh√£o de lixo na regi√£o, n√£o est√° passando pela rua o lixeiro. Cad√™ o prefeito Nanci? https://t.co/0sxpThgjJr",sim

"@NihilEtOmnia @1potedemel @Pedro_ottoni @reimiranda58 @Padig U√©, eu sou educado, frequento carnaval mas n√£o jogo lixo na rua, n√£o fico arrumando briga, n√£o sai beijando bocas aleat√≥rias, ent√£o n√£o nivele quem frequenta essa festa que gera MILH√ïES pra economia brasileira. Se voc√™ n√£o gosta, s√≥ n√£o v√°, voc√™ √© livre pra isso.",n√£o

"Acabei de ver uma frase na rua ""proibido lixo colocar"" pq caralhos a pessoa inverteu a frase?",n√£o

19. falando higiene sempre tem os infeliz que jogam lixo no ch√£o e esquecem que a gente ta LITERALMENTE na rua e onde todas as baratas e ratos moram,n√£o

"Arco-√≠ris: a Pessoas: ai vamos colocar no status aqui pagar de ""amo a natureza"" e depois jogar lixo na rua...",n√£o

"A Comlurb recolhe lixo regularmente no munic√≠pio do Rio de Janeiro, mas alguns idiotas insistem em jogar lixo na rua... https://t.co/sJ06ZsXIkz",n√£o

"@o_antagonista Esses ‚Äúmovimentos ‚Äú j√° conseguiram o que queriam, no ano passado: eleger seus representantes. Mas, nada como uma elei√ß√£o atr√°s da outra. Eles voltar√£o para o lixo da hist√≥ria. Dia 26, todos na rua!",n√£o

√ìdio dessas pessoa que jogam lixo na rua/estrada,n√£o

"A popula√ß√£o de Toledo √© deveras engra√ßada. Reclamam do lixo na rua, mas nunca pensaran que nao existe ""tirar lixo pra fora"". Bando de rico babaca que reclama no face e nunca pisou numa plen√°ria.",n√£o

SOMOS CAMBADOS PROP√ìN O ABARATAMENTO DO RECIBO DO LIXO E UNHA NOVA BOLSA DE ESTACIONAMENTO GRATUITO NA ZONA DA R√öA NOVA https://t.co/9qxGL7miSQ,n√£o

"@angela_nespoli @rsallesmma @mskanaan Isso em conjunto a educa√ß√£o do cidad√£o em n√£o jogar lixo na rua, funcionar√≠a muito bem.",n√£o

Eu fico muito puto quando as pessoas jogam lixo na rua,n√£o

Obrigado a galera a√≠ que joga lixo na rua. Minha cidade chove e alaga,n√£o

Raiva de gente que joga lixo no ch√£o bicho  todo dia eu arrumo uma briga na rua por causa disso,n√£o

N√£o sei o que passa na cabe√ßa de uma pessoa que ainda joga lixo na rua.,n√£o

fico apaixonado por pessoas na rua quando vejo elas colocando o lixo no bolso ou na mochila.,n√£o

"N√£o podemos jogar lixo na rua, mas tbm n√£o encontramos uma lixeira. √â pra jogar aonde? No √¢nus do prefeito?",n√£o

Rua Sebastiana Monteiro de Santana na Vila Real/Frei Dami√£o. Esgoto correndo a c√©u aberto, mato tomando as calcadas e lixo acumulado numa cidade onde a popula√ß√£o paga caro pela coleta. Moradores j√° solicitaram in√∫meras... https://t.co/C6loO1bMVQ",sim

"Vejam como √© colocado o lixo na cidade do Rio, aqui um exemplo rua da Concei√ßao com Julia Lopes https://t.co/ewGSKyaN0N",sim

"Que √≥dio de gente tacando lixo na rua pqp, vai alagar essa porra fdp",n√£o

"Eu fico mt brava qnd vejo algu√©m jogando lixo na rua, nossa",n√£o

"@SPTVBDSP A prefeitura de Santo Andr√© , n√£o cuida do lixo e entulho que o povo vem   jogando na cal√ßada da Rua Felipe Camar√£o pr√≥ximo a linha do trem onde faz divisa com sao Caetano, n√£o tem mais como caminhar. https://t.co/DK0mYMO03S",sim

Lixo na rua. Cachorros na rua da isso https://t.co/M5w9SKUgiw,n√£o

"minha vontade √© sair no soco com esse povo que joga lixo na rua o que custa jogar lixo no lixo desgra√ßado",n√£o

"@Prefeitura_Rio @GMRio Mentira para ingl√™s ver. A rua Gomes Carneiro est√° um lixo apesar do IPTU DE $20.000. Buraco imenso no asfalto, falta luz, e caminh√µes de gelo fazendo com√©rcio 24hs por dia na cara da PM e da GM. Prometem que v√£o resolver mas falta autoridade nesta administra√ß√£o",sim

Como √© que em pleno 2019 a criatura abre o vidro do carro e joga meio mundo de lixo na rua?,n√£o

"A popula√ß√£o tamb√©m √© culpada pois joga lixo na rua, e como n√£o tem coleta regularmente...",n√£o

EU TENHO TANTA RAIVA DE QUANDO ALGU√âM PERTO DE MIM JOGA LIXO NA RUA/CH√ÉO,n√£o

"ai mano que saco quando eu vou pra faculdade de short pq eu estudo de tarde e pq faz um calor infernal eu uso shorts e √© um nojo quando eu t√¥ na parada de √¥nibus/rua 
As vezes at√© fico me culpando por isso mas a√≠ lembro que n√£o sou culpada de homem ser um lixo https://t.co/lFDFd4HwLt",n√£o

"E al√©m de jogar lixo no ch√£o √© debochado. Se algu√©m me chamasse a aten√ß√£o na rua por jogar lixo no ch√£o eu ia ficar envergonhada pra cacete, n√£o ficar tirando onda",n√£o

"Hoje a merenda na escola do Cadu foi: p√£o puro. Sem margarina. Puro. Seco.
Obrigada prefeitura de campo grande. Por sorte meu filho vai alimentado... j√° outros...",sim

Acabei de receber uma not√≠cia de uma m√£e de um aluno da EC 39 do P.Norte que na escola os alunos est√£o sem merenda por que n√£o tem g√°s. Ser√° isso verdade? Se for √© o c√∫mulo do descaso com a educa√ß√£o. @Gov_DF @educadf @IbaneisOficial,sim

Alunos cumprem segundo dia sem aulas para exigir obras na escola em Vieira do Minho https://t.co/IVro5M22Pw https://t.co/oRn0Fd4XoJ,sim

"@rodrigobocardi Bom Dia Borcadi,Aqui na escola Joanna Abra√£o na Am√©ricanopolis tbm t√° sofrendo com a merenda desdo come√ßo das aulas em fev √†s crian√ßas est√£o sem merenda t√£o comendo s√≥ bolacha,bolinho,e uma vitamina de caixinha √© um absurdo isso o que t√° acontecendo nas escolas",sim

@taliriapetrone Acho que voc√™ deve voltar pra escola. Nunca vi uma professora t√£o sem conhecimento e ignorante no sentido literal da palavra. Extremamente preocupada com os alunos que assistiram √†s suas aulas. Como voc√™ pode ser eleita?,n√£o

"@trajaza N√£o, sou bolsista em escola particular a√≠ n√£o tem merenda ;-; mas se tivesse eu comeria sem problema",n√£o

"As aulas come√ßam essa semana, e estou sem escola, suave",n√£o

"As tias da merenda sempre passava o pano pra mim sair da escola, √†s melhores, sem mais!!",n√£o

Segunda as aulas volta e eu sem escola,n√£o

"Escola fica sem merenda e alunos t√™m apenas arroz servido em Irau√ßuba https://t.co/B5gK7tlvBA https://t.co/FXxly6zWQd

Vergonha!! https://t.co/F8lW6qmocu",sim

as aulas come√ßando e eu ainda sigo sem escola,n√£o

"@albertomourao  Por Favor !!! Agilizar o processo de contrata√ß√£o de professores. O meu filho estuda na escola municipal Rubens Costa de Lara / fica no bairro Esmeralda. Est√° sem aula porque n√£o tem professor dispon√≠vel para dar aula para 2¬∞ s√©rie, no per√≠odo das 11:00 as 15:00 .",sim

vir √† escola para as professoras cancelarem as aulas √© uma brincadeira sem gra√ßa,n√£o

Semana que vem come√ßa √†s aulas e eu t√¥ sem meu chinelo pra ir pra escola ningu√©m mereceü§¶üèΩ‚Äç‚ôÇÔ∏è,n√£o

"T√¥ na Rede: alunos da Escola Maria Ivone est√£o h√° 5 anos sem aulas de educa√ß√£o f√≠sica

 T√¥ na Rede: alunos da Escola Maria Ivone est√£o h√° 5 anos sem aulas de educa√ß√£o f√≠sica
Relato de aluno foi feito pelo aplicativo da Rede Amaz√¥nica. Seed fala sobre trabalhos que ser√£o feit‚Ä¶",sim

Tem que defender merenda com mistura! Hoje deram arroz e feij√£o sem mistura em escola do Graja√∫! https://t.co/TmSg9LpThQ,sim

minha escola ficou 3 semanas sem aulas de tarde pq n√£o tinha quem fazer merenda https://t.co/jKaSa4Zocn,sim

"@ueslei_00 am√©m, na minha escola nem xerox tinha direito, ficamos um m√™s sem aula pq n√£o tinha  guardinha e nem tia da limpeza. Tinha gente da minha escola que s√≥ comia o prato de comida que a escola dava pq n√£o tinha comida em casa. Fora as mil aulas vagas que t√≠nhamos toda semana",sim

"Escola em Juazeiro do Norte est√° h√° dois meses sem atividades por conta de reforma. As obras na institui√ß√£o ainda n√£o come√ßaram; 708 estudantes est√£o sem assistir aulas
https://t.co/3mpnNvIx5r",sim

"Leonardo Sakamoto se sentiria honrado se suas aulas fossem gravadas. Obrigado, Sakamoto, por apoiar o projeto ESCOLA SEM PARTIDO. https://t.co/ey4dgq4Rtr",n√£o

"Alunos est√£o sem merenda e √°gua h√° quase um m√™s em escola de S√£o Vicente, SP https://t.co/XxRs5cei5y",sim

Crian√ßas ficam sem merenda por falta de cozinheira em escola de Santos https://t.co/P8O0XdmViB,sim

"Na minha escola no andar de baixo que est√° sem uso, nos usamos pra n√≥s pegar kkk enquanto a tia da merenda sai, n√≥s mete o loko kkkkkkkkk eh isto",n√£o

"@brunocovas a escola do meu filho est√° em greve desde oq deveria ter sido o come√ßo das aulas e falam que a culpa √© sua. Me ajuda a√≠, vai?
Al√©m de estar gastando sem poder pra poder trabalhar e o √≥bvio preju√≠zo no ensino ele ainda est√° super triste pois tds voltaram e ele n√£o.",sim

"√â uma vergonha uma escola desde mar√ßo sem merenda ter que vir a TV para denunciar.
Os respons√°veis n√£o tiveram tempo para contratar ningu√©m? 
Tanta gente procurando trabalho?
Vergonha!!! 
Bom dia! #bdsp",sim

"Nesta segunda-feira cerca de 200 crian√ßas de uma escola, no bairro de √Ågua Fria, no Recife, realizaram um protesto porque est√£o sem aulas, em decorr√™ncia a falta de energia el√©trica. 
#SistemaOpini√£o #RecordTV #TVClube https://t.co/4in5PJeuAK",sim

"@EduardoLeite_ Estamos sem serventes, merendeiras e professores na escola Dom Frei em Muitos Cap√µes. Como vamos recuperar essas aulas perdidas? Alimentar quem passa horas com fome numa viagem de at√© 3h e manter banheiros e todo o ambiente escolar limpo? #QueremosNossosDireitos",sim

Escola Soares dos Reis sem aulas devido √† greve fun√ß√£o p√∫blica https://t.co/gEvljvfPFJ,sim

@portalne10 alunos do oitavo ano do fundamental II est√£o sem aulas de matem√°tica na Escola estadual Sigismundo Goncalves em Olinda. V√°rios professores faltam diariamente e n√£o tem o ponto cortado. Descaso total. Sem material escolar e sem passe livre ainda.,sim

"Passei o colegial indo dormir 2/3 da manh√£ e acordando 05:40 da manh√£ pra ir pra escola, dormia em todas as aulas, sem contar que o rendimento pro resto do dia n√£o √© reposto com sono picado entre noite e dia. A Paula est√° certa, e o pre√ßo na vida adulta √© alto! #TrocaDeEsposas",n√£o

"Crian√ßas de escola em S√£o Leopoldo est√£o sem aulas h√° tr√™s semanas por falta de professor https://t.co/cEoKLbzoyP",sim

Mano as aulas est√£o voltando e eu sem escola ainda ..,n√£o

como que volta √†s aulas sem ter que ir pra escola ver os ran√ßos?,n√£o

"Algu√©m avisa essa demente, vagabunda, que aqui em Pelotas a maior escola p√∫blica municipal  da Am√©rica latina est√° sem merenda pra meninos e meninas!!! https://t.co/S5KT63yV8k",sim

Volta √†s Aulas Sem Intoler√¢ncia Religiosa! Campanha Contra a Intoler√¢ncia Religiosa (2019). #n√£o√†intoler√¢nciareligiosa #volta√†saulas #volta√†saulassemintoler√¢nciareligiosa #diversidadereligiosa #diversidadenaescola #educa√ß√£o #educa√ß√£ob√°sica #escola #prote√ß√£oescolar https://t.co/cl2NVHIjni,n√£o

e eu que to pensando em sair da minha escola sem nem ter come√ßado as aulas,n√£o

"as aulas foram suspensas amanh√£ pq t√° sem luz na escola, ouvi um am√©m?",n√£o

iiii ja to ficando puto com a escola sem nem ter come√ßado as aulas ainda,n√£o

Infesta√ß√£o de pulgas fecha escola de Rio Claro e deixa alunos sem aulas https://t.co/1MLE00VVnC,sim

"sem vontade alguma de ir pra escola e aguentar duas aulas de artes,,,,, por√©m",n√£o

"Quem vai entrar dez e meia amanh√£?eu mesma ,ossada ter que ir pra escola pra ter s√≥ 3 aulas ,sendo uma de religi√£o e duas de ingl√™s(por√©m estamos sem professor de ingl√™s ,ent√£o duas aulas sem fazer nada)...",n√£o

"Aulas: A
Tiranga: Ent alunos nossa escola est√° sem √°gua",n√£o

Alunos cumprem segundo dia sem aulas para exigir obras na escola em Vieira do Minho https://t.co/aolUgvhcjR https://t.co/g1s8ZJckiK,sim

"#BDSP  bom dia Rodriguete
Falando sobre a precariedade das escolas, na escola Caetano de Campos (aclima√ß√£o) ap√≥s diversas reportagens sobre a luz, sujeira e falta de merenda. A escola ainda est√° sem energia em boa parte das salas e nada foi resolvido .",sim

"ALUNOS SEM AULA POR FALTA DE ENERGIA Pa√≠s de alunos da escola municipal Rubens Machado no bairro Vale Verde, aguardam conserto do transformador para que a escola volte a ter aulas normalmente. A resposta que... https://t.co/GRXA2Sv3Lw,sim

"@Ricamconsult Antigamente as crian√ßas frequentavam as escolas do bairro que moravam. Que eram do estado ou prefeitura e a maioria delas, tinha a mesma classe social. Sem essa neura de estar na melhor escola. Todas eram boas. A car√™ncia cria preconceitos.",n√£o

Essa anta matou as aulas de hist√≥ria e socilogia. √â esse tipo de educa√ß√£o que a escola sem partido quer: idiota funcional. https://t.co/Exmxwa11CO,n√£o

@JuzinhaR1109 @juniounb @cbnbrasilia Existem escolas onde o √≠ndice de viol√™ncia e tr√°fico de drogas ( dentro do estabelecimento) est√£o sem controle ! Escolas essas onde os professores s√£o amea√ßados diariamente!   Vc j√° deu aulas em alguma escola dessas ? J√° foi amea√ßada? Apanhou de aluno drogado?,n√£o

"aulas voltando, eu sem escola e sem material, e sem sa√∫de mental",n√£o

"a verdade √© que a grande maioria das escolas do governo √© uma merda. O aluno sai do ensino m√©dio um analfabeto funcional, sem nenhuma base. Na minha escola o objetivo era passar o aluno de s√©rie a qualquer custo, independente se ia ou n√£o as aulas",n√£o

"Ser√° que se eu tivesse filmado as aulas nojentas do Bambi que ele s√≥ ficava falando a opini√£o dele sobre tudo, inclusive pol√≠tica, o queridissmo presidente ia se incomodar tamb√©m? Claro que n√£o. O bozo nunca defendeu a escola sem partido, ele quer escola de partido √∫nico https://t.co/5QjGp0MmDW",n√£o

Estudantes de escola em Porto Velho est√£o sem merenda escolar h√° quatro dias https://t.co/v8lmABj1aD,sim

"queria faltar na escola amanh√£, sem coragem p assistir 12 aulas",n√£o

"A pessoa √© pobre igual voc√™, mora no mesmo bairro de pobre que voc√™, leva o filho na mesma creche de pobre que voc√™ e do nada come√ßa e te ignorar, para de falar contigo sem motivo algum. V√° entender esse povo louco.",n√£o

"Come√ßei hj o curso de ingl√™s para o n√≠vel intermediario do @ProfSauloCasal no Youtube. #SuperRecomendo! Aulas curtas, por√©m mto produtivas e de f√°cil entendimento. √â sem duvida o equivalente a 1 aula em uma escola de ingl√™s. Parab√©ns pelo trabalho Professor! ü§©üëè",n√£o

"@FlamengoAntifa Sim, cresci sem pai, minha familia mora num bairro dominado pelo trafico, estudei a vida toda em escola publica que vivia em greve, consegui passar pra universidade, dominada pela elite e pior, tudo isso vivendo no nordeste, onde tudo √© mais dif√≠cil. Vc √© um lixinho elitista!",n√£o

"Vim pra aula pensando no cachorro quente de hoje que eu tinha certeza que ia ser o lanchinho, ai nos primeiros 10 minutos de aula a professora falou qualquer coisa e a √∫nica coisa que eu ouvi foi ""estamos sem merenda"". N√£o tenho mais motivos para frequentar a escola",n√£o

"Tem professor sem receber sal√°rio, tem escola faltando merenda e material escolar b√°sico, tem escola faltando professor (fiquei quase 1 ano sem aulas de Qu√≠mica durante o ensino m√©dio e quase 1 sementre sem aulas de Ingl√™s), tem escola desabando... tem tanta coisa absurda",n√£o

"Oi Jessica Boa tarde  precisamos de reportagem  aqui no bairro Tancredo neves na escola 22 de abrir  os alunos sem farda salas sem ventilador, faltando √°gua t√°  uma vergonha",sim

Hoje minhas aulas come√ßam e eu estou indo pra escola sem for√ßas,n√£o

Escola de Almada assaltada e vandalizada. 450 alunos sem aulas https://t.co/jQSYNx68nZ,sim

"Auge da minha vida foi ter vindo pra escola SEM A MINHA MOCHILA 
eu t√¥ aqui sem caderno, sem apostila, sem nada s√≥ brisando nas aulas",n√£o

fiquei 3 dias praticamente sem aula e saindo da escola 11:45 e hj vai ser mt estranho ter 6 aulas e sair meio dia e vinte,n√£o

Escola infantil √© arrombada e alunos ficam sem aulas em Contagem  https://t.co/dnT026Q9PG https://t.co/3eDtLSCbMp,n√£o

"A minha escola est√° sem luz justo na semana que completa 31 anos, com isso as aulas est√£o suspensas. 
Kkkkkkkkkkkk T√¥ rindo com respeito. 
KKKKKKKKKKKKKKKK",sim

"@xsenee ou seja mano, eu fico na escola 5 aulas sem fazer porra nenhuma mas tenho q ir por causa de UMA prova",n√£o

"Foi triste ficar duas aulas sem energia na escola, um calor√£o e n√£o dava pra ligar o ventilador
Pelo menos eu sa√≠ mais cedo",n√£o

"Com risco de inc√™ndio, escola estadual no Careiro Castanho est√° sem¬†aulas https://t.co/Np8qwmiNLy https://t.co/YoZWVO9aeK",sim

Alunos de escola de Piraquara voltam √†s aulas sem conserto de teto de p√°tio https://t.co/EuQEYUyP5W,sim

Escola tem cabos de energia roubados e alunos ficam sem aulas na Zona Sul de Londrina https://t.co/0xRDLNlvVg,sim

"Sem merenda, alunos t√™m apenas arroz servido em escola de Irau√ßuba https://t.co/Db7voavyKN",sim

"Espero muitoooo que minha v√≥ me busque na escola hoje
Sem paci√™ncia nenhum p ficar tendo quatro aulas daquele professor q s√≥ fala da vida dele",n√£o

to uns 5 dias sem ir p escola e a √∫nica coisa q to com saudade sao minhas meninas e a merenda,n√£o

Alunos da Escola Estadual Bom Conselho est√£o sem aulas https://t.co/i5G4CsxoAn,sim

Escola em #Bel√©m est√° h√° dez dias sem aulas devido √† falta de luz e de‚Ä¶ https://t.co/hMtQ5vT7p7 #ConjuntoSatelite,sim

Alunos voltam √†s aulas em escola sem teto ap√≥s passagem do ciclone Idai em Mo√ßambique https://t.co/UuBMZh59JJ,sim

"t√¥ sem escola ainda, e as aulas come√ßam amanh√£",n√£o

Quixad√°: M√£es denunciam que alunos est√£o sem merenda e bebem √°gua da torneira em escola municipal https://t.co/FGZMkIuSnH,sim

"@jdoriajr Boa tarde Sr. Governador Jo√£o Doria.
Pe√ßo sua aten√ß√£o para as escolas estaduais de Mogi das Cruzes, professores est√£o entrando em sala de aula e n√£o est√£o trabalhando, meu neto esta no primeiro ano do ensino m√©dio e est√° sem aulas desde quinta feira passada.
Escola estadual Mari",sim

Cerca de 450 alunos sem aulas devido a vandalismo em escola b√°sica de Almada https://t.co/j2wLYFZP6h,sim

Alunos da escola municipal de Igarapava est√£o sem feij√£o na merenda ‚ñ∫ https://t.co/TmgW9GPE1l #CBNribeirao üìª https://t.co/jYb3qppK5u,sim

"@EducaPrefSP Ol√° ,aqui em Perus as crian√ßas est√£o sem aula,escola Julio de Oliveira,porque membros da Federe√ß√£o do ensino fazer essa reidifica√ß√£o e conselho pedagogico  de cada escola.Solicitamos que voceis o mais rapido resolva.Que retorne as aulas.",sim

"Escola boa √© a que eu estudo,mal voltaram as aulas e por problemas municipais j√° estamos sem as mesmas kkkkkkkk",sim

Escola de Gaia sem aulas de educa√ß√£o f√≠sica por falta de auxiliares https://t.co/k2ZAXRuPdK #AParComOMundo,sim

https://t.co/pF4zF6qSk7: Escola em Bel√©m est√° h√° dez dias sem aulas devido √† falta de luz e de √°gua: Mil alunos ficaram sem aulas devido √† uma pane no quadro el√©trico do pr√©dio. Secret√°ria de Educa√ß√£o garante que o‚Ä¶ https://t.co/tbtpdN2wWj #ConjuntoSat√©lite #Not√≠cias #News,sim

Escola Soares dos Reis sem aulas devido √† greve fun√ß√£o p√∫blica https://t.co/P21D7K37aS,sim

Estudantes de escola em Porto Velho est√£o sem merenda escolar h√° quatro dias https://t.co/1lWw1T6JCr #PortoVelho #correioderondonia https://t.co/SLJxpBDPhq,sim

"eu quero muito que comece as aulas e ao mesmo tempo n√£o
quero que comece porque vou estudar 
mas n√£o quero que comece porque vou ficar perdida na nova escola e sem conhecer ningu√©m",n√£o

"SEM AULA
Alunos de escola municipal no bairro S√£o Francisco ainda n√£o iniciaram ano letivo. https://t.co/KRQkJrIh35
#CompartilheAVerdade https://t.co/fsiK9tRxIZ",sim

"Acho que vou aproveitar  que o governo est√° ...""Favorecendo  empres√°rios "", e abrir uma escola,√© ministro da educa√ß√£o  que √© sem educa√ß√£o, √© ministro  da economia  que n√£o  sabe contar at√© 10...√â chanceler que parece que matava aulas de hist√≥ria"",n√£o

Parab√©ns pra mim que vou mudar de escola em pleno mar√ßo sem conhecer ningu√©m em um bairro novo,n√£o

"Amanh√£ eu volto pro Senai,mas pra escola mesmo sem previs√£o das aulas come√ßarem pra mim",n√£o

J√° at√© imagino quando voltar √†s aulas e eu ir pra escola sem dormir,n√£o

"a treta que t√° acontecendo aqui na escola do bairro, mano, sem base",n√£o

"AE @brunocovas MAFIOSO DO CARALHO VC TA ACABANDO COM S√ÉO PAULO PORRA, PRIMEIRO REGULAMENTAR UBER,  AGR AS CHUVA ONTEM DERRUBOU 60 ARVORES, UM MONTE DE BAIRRO FICOU SEM LUZ CAIU ARVORE EM PORTA DE ESCOLA E VCS VOTANDO PROIBI√á√ÉO DE CANUDO? VAI TOMA NO CU",n√£o

"Sem vontade nenhuma ir para escola quarta nesse tempinho chuvoso
Adia essa volta √†s aulas para depois do carnavaaaaal",n√£o

Escola sem marcas - como evitar o consumismo na volta √†s aulas https://t.co/OYkHl1x2IK,n√£o

"Em Duas Estradas, alunos ficam sem aulas por falta de limpeza em escola - Portal Di√°rio 1 https://t.co/2zg1YAuIGh",sim

"#INACREDIT√ÅVEL
UM ABSURDO! 
IRRESPONSABILIDADE! 
Escola Municipal Raquel de Queiroz, na vila Patau√°, zona rural deC Marab√°, est√° SEM  AULAS desde o in√≠cio do ano letivo.
Parece que a nova Secret√°ria de Educa√ß√£o, Marilza Leite, N√ÉO est√° dando conta do recado.
#MP
#VEREADORES https://t.co/JorkwfeuuT",sim

"@flaviofachel Bom dia @flaviofachel , nosso bairro do Rocha permanece sem resposta sobre a Escola do Amanh√£,obra abandonada pela @Prefeitura_Rio . √â com muita tristeza que passo em frente levando meu filho para a escola mais distante.",sim

Indo pra escola sem saber quantas aulas tem hj kkk,n√£o

"Dia gostoso, pneu da moto furou, 3 aulas na auto escola sentado por causa da chuva e a chuva que vou tomar no lombo Jaj√°, sem contar que o cara arrumou o pneu e estragou meu freio traseiro, t√¥ sem freio kkkkkk, tenho f√© que Deus me guiar√° nesta caminhada longa at√© Vila Celesteüôè",n√£o

"@MEC_Comunicacao Ministro @ricardovelez  olhe por n√≥s do Bairro de Nova Bel√©m seria muito importante ter escolas pr√≥ximas de nossas resid√™ncias com o ensino fundamental 1 e 2 em uma escola s√≥ sem que precisemos nos locomover para outro bairro a mais de 1km,Japeri-RJ.",sim

"'ai ja fica sem dormir, vai pra escola com a aquela cara de derrota, dorme em todas as aulas e leva suspens√£o no primeiro dia' mano s√©rio, quero",n√£o

"em um brasil ideal as escolas teriam acompanhamento psicol√≥gico sim, mas n√£o d√° pra pedir isso quando tem escola por a√≠ sem merenda e sem pagar professor",n√£o

„ÄäCUIDANDO DAS PESSOAS„Äã | Escola p√∫blica em Macap√° est√° sem aulas de f√≠sica e sociologia desde o in√≠cio do ano letivo |  https://t.co/WviyhedoFE,sim

"N√£o sei voc√™ @brunocovas pode fazer alga coisa, mas a paralisa√ß√£o de alguns professores est√£o complicado muito nossa vida e de nossas crian√ßas, eu falo da Freguesia do √ì, escola Tenente Aviador sem aulas at√© hoje... #ajudanosprefeito https://t.co/sayrWijHXI",sim

"Nada melhor que vir para a escola para n√£o ter falta e faltar nas ""Aulas""",n√£o

"Reforma em escola deixa alunos sem aulas h√° 3 meses no Alvorada

#jornalismoprofissional #jornalismoemtempo https://t.co/nGztxKnQyJ https://t.co/EzHuoivYMO",sim

"enfia no cu o hino que porra tanta escola caindo aos peda√ßos, alunos se drogando, amea√ßando professor, cantina sem merenda, transporte quando tem √© calamidade vai se fuder #HinoNacionalNasEscolas",n√£o

"Mais um dia sem aula na creche dos meninos, n√£o pode d√° um tiro em qualquer parte da favela 5 da madrugada que j√° cancelam as aulas, tnc, essas porras n√£o querem trabalhar e ficam de desculpinha, tiro n√£o foi nem perto da escola....",sim

@RogerioMLisboa Bom dia prefeito. A escola Douglas Brasil est√° precisando de uma aten√ß√£o desde do in√≠cio das aulas tem 3 salas de aula que est√° sem luz sem ventilador a sala e coberta por telha aonde aumenta o calor dobra.egundo informa√ß√£o da dire√ß√£o a sala que poderia ser usada est√° interditada,sim

"v√™ se esse arrombado desse @Isquierdorio, vereador que √©, tem um v√≠deo indignado com alguma escola quebrada, um hospital faltando material b√°sico, bairro sem saneamento... n√£o, o filha da puta t√° brincando de barbie pra enfiar NO CU",n√£o

"tanto tempo sem ir pra escola, doida pras aulas voltarem logo",n√£o

"Alunos da escola de S√£o Salvador protestam contra salas sem ventilador e falta de merenda

https://t.co/pD5kQHXmCX https://t.co/pD5kQHXmCX",sim

"@rzmoselli Escola do meu filho t√° sem merenda h√° 30 dias, t√£o servindo bolacha integral doce",sim

"A proposta do Movimento Escola sem Partido apenas EXPLICITA o direito dos alunos e dos pais de efetuar a grava√ß√£o das aulas. Esse direito, evidentemente, J√Å EXISTE. https://t.co/o0lk4vF6TR",n√£o

"A menos de uma semana do in√≠cio de aulas, escola para surdos em Caxias est√° sem coordena√ß√£o https://t.co/8M7MX8w4WT #pioneiro",sim

"as aulas voltam dia 28 agora e eu n√£o sei como eu vou conseguir sobreviver a escola sem meus amigos maravilhosos que estavam no terceiro ano, e nem como eu vou conseguir lidar com as responsabilidades que estar no terceiro ano agora exigem",n√£o

"Como investir em educa√ß√£o sem seguran√ßa p√∫blica? Como a crian√ßa vai aprender e o professor vai ensinar se as aulas s√£o interrompidas por causa de tiroteio? A crian√ßa com medo de ir √† escola, o pai tamb√©m e o professor idem.",,n√£o

"Sem ventilador, sem ventilador...
√ìtimo pra gente derreter, hein?! üòÖ

Em algumas salas de aula na Escola Municipal Esp√≠rito Santo no bairro Sto. Agostinho o ar condicionado est√° com defeito e n√£o tem ventilador. A... https://t.co/4ezDSgxaWk",sim

"tenho q conectar meu telefone antes das aulas voltar,, ir pra escola sem telefone √© imposs√≠vel",n√£o

Cito, a escola Maria Goretti, na vila Maria, que est√° a uma semana sem aulas ... √â o naufr√°gio da educa√ß√£o.
#JornaldaCultura",sim

"Cerca de 250 crian√ßas est√£o sem estudar ap√≥s escola ser demolida no Bairro Planalto Pici
https://t.co/aHFhe8Hx89",sim

To doido pra terminar  as aulas da auto escola mas to s√≥  o desanimo de ter um carteira  sem ter o ve√≠culo e um emprego  kkkk,n√£o

"sem d√∫vidas o que mais sinto falta da escola √© ter aulas de hist√≥ria, geografia...",n√£o

"As aulas aqui em mg voltaram hoje, t√¥ sem escola,mochila, material n√£o sei oq fazer da vida kkkkkkkkkkkkjkjj",n√£o

"A vantagem de entrar na escola depois do in√≠cio das aulas √© q sem foto, nunca caia na roleta russa da chamada oral. #Funda√ß√£oBradesco https://t.co/z95ExBtbqZ",n√£o

amanh√£ depois de anos sem ir na auto escola por falta de vergonha na cara eu vou voltar e o pior faltam apenas 3 aulas pra fazer o exame vou ser reprovado logo na baliza sim ou claro??? https://t.co/W6cmcDsnrs,n√£o

Escola fica sem merenda e alunos t√™m apenas arroz servido em Irau√ßuba https://t.co/93W3gj066o https://t.co/co1stqmeMm,sim

"Caaaara, n√£o aguento mais a escola sem merenda, affe",n√£o

"Na escola cidade do Jequi√©,na Cardeal da Silva,as aulas foram diminu√≠da. Os alunos saem as 15:30 ,devido ao valor forte e sem nenhum tipo de ventila√ß√£o.
#tamojuntoBMD",sim

"@andersongallo problema √© a escola sem teto, o professor ganhando pouco, a falta de merenda, de computador...",n√£o

Completamente sem vontade de ir √† escola estes 2 dias s√≥ de ver quais s√£o as aulas,n√£o

"mano, n√£o to acreditando que a Juliana e o Samarone sa√≠ram da escola, as aulas n ser√£o mais as mesmas sem eles!!!",n√£o

"Tentar reverter um corte de verbas de mais de 20 anos ningu√©m quer. Tem crian√ßa sem merenda, teto caindo, crian√ßa levando tiro em escola, professor apanhando e sem sal√°rio, a nossa educa√ß√£o indo ladeira abaixo, mas o.importante √© mostrar que as crian√ßas est√£o cantando o hino.",n√£o

"Sem √¢nimo pra ir pra escola, principalmente pelo fato de ter 3 aulas seguidas de portugu√™s",n√£o

"A vibe dessa escola, sem a press√£o de ter aulas, e provas √© t√£o boa https://t.co/KRl7AiO5L9",n√£o

"Com a volta as aulas, postar foto de uniforme, localiza√ß√£o da escola e ate mesmo horarios de aula do seu pequeno √© um risco desnecessario, e eu sei que muitas vezes √© sem pensar e no impulso, mas nunca se sabe quem nos segue apenas esperando a oportunidade de causar o mal",n√£o

"com pouco tempo de volta √†s aulas eu j√° to sem vida social, minha rotina agora √© de casa pra escola e da escola pra casa",n√£o

"O triste √© ver POBRE,isso mesmo PO BRE...Defendendo ""escola sem partido""... O melhor seria defender escola com professor, merenda, laborat√≥rios, Internet, seguran√ßa...",n√£o

"Depois de 4 dias sem ir pra escola, resolvi fazer oq fa√ßo de melhor nas aulas, dormir.",n√£o

Ficar na escola mais de 5 horas sem aulas e TOP üéâ,n√£o

Alguma escola da regi√£o ficou desesperadamente sem professor e precisam de mim pra dar de 8 a 12 aulas ou seja s√≥ duas vezes na semana f√© em Deus que ele √© justo. https://t.co/w6DctzzGwZ,n√£o

As aulas voltam ter√ßa e eu to sem escola e sem material.,n√£o

segunda come√ßa as aulas e eu sem escola,n√£o

"As aulas voltando, e eu sem vaga em alguma escola",n√£o

"mt bom a escola vazia, sem contar que sobra muita merenda",n√£o

As aulas j√° come√ßou e eu ainda t√¥ sem escola üò¨,n√£o

Escola tem merenda furtada e alunos ficam sem refei√ß√£o em Guaruj√° https://t.co/f7C6zkjyUp,sim

eu nao quero ficar tanto tempo sem fazer nada pqp minhas aulas na escola come√ßavam no final de janeiro ü•∫ https://t.co/FrG5B3YINz,n√£o

Vcs a√≠ sem escola e eu vou ter aulas o que vale √© q tenho tarde livre hoje,n√£o

Pais reclamam da falta de professores em escola da rede estadual na Zona Norte. Os alunos est√£o sem aulas de Portugu√™s e Matem√°tica. #Educa√ß√£o #BandNewsFM https://t.co/DF3uMF6a8X,sim

"pelas minhas contas cada professor tem um dia de folga, ontem eu tive duas aulas com o prof de matem√°tica, hj n tive mas ele estava na escola. ent√£o isso quer dizer que provavelmente ficaremos ainda mais um dia sem aula de matem√°tica. gl√≥ria a Deus",n√£o

"minhas aulas ainda nao come√ßaram meudeus vou pra escola sem saber quanto √© 2+1",n√£o

√â... Parece que eu n vou poder mais assistir minhas aulas e ter que ficar sem escola... :( too bad!,n√£o

1 semana na escola sem aulas = avacalhan√ßo total @maria_mmatoss @LeonorMSantos1 @/rakas,n√£o

incr√≠vel a minha capacidade de ir na escola o ano inteiro sem saber quais as aulas que tem no dia,n√£o

"Acho q vou voltar a fazer muay thai, faltar algumas aulas no curso e fodase, minha sa√∫de mental vem primeiro, √© fd ficar o dia todo na escola sem ter uma v√°lvula de escape pros bgls",n√£o

Alunos est√£o sem merenda e √°gua h√° quase um m√™s em escola de S√£o Vicente https://t.co/Rp3ogGZNmQ Enquanto isso o ministro fascista da educa√ß√£o do Bozo quer que os estudantes cantem o hino  e fiquem gritando o slogan mentiroso desse desgoverno de barriga vazia. #HinoNacionalSim,Sim

"Alunos ficam sem #merenda em escola de Santos por falta de cozinheiro. Os alunos da Escola Estadual Fernando de Azevedo, em Santos, est√£o sem merenda nesta sexta-feira (3). O motivo √© a falta de #cozinheiro, segundo‚Ä¶ https://t.co/ShcZsJkEcA",sim

Novo Escola sem Partido prev√™ grava√ß√£o de aulas. https://t.co/BEG9Z8Oewf,n√£o

"Escola do munic√≠pio, sem condi√ß√µes de ter aulas, educa√ß√£o em Eun√°polis, est√° um¬†caos. https://t.co/tEJvNR3Q4a https://t.co/keos2B4onk",sim

Escola em Bel√©m est√° h√° dez dias sem aulas devido √† falta de luz e de √°gua https://t.co/4VgJjuMoqf,sim

Cerca de 800 alunos de escola municipal de Gua√≠ba est√£o sem aulas h√° uma semana https://t.co/L18h8HF6XG,sim

Come√ßar as aulas pr√°ticas da auto escola com chuvinha rs sem perigos!,n√£o

"2 aulas inteiras sem fazer nada, odeio essa escola",n√£o

Escola Soares dos Reis sem aulas devido √† greve fun√ß√£o p√∫blica https://t.co/tOEfVpBW8a,sim

"bozo assina projeto de lei p que os pais deem aulas em casa. a gente manda dever de casa volta tudo sem fazer e dizem que n√£o entenderam, o aulo tem problemas ser√≠ssimo e o pai nem na escola aparece. com certeza vai ser uma √≥tima ideia! üëçüèº",n√£o

As aulas come√ßando e eu continuo sem escola,n√£o

Nossa essa escola fica t√£o sem gra√ßa dps das duas √∫ltimas aulas,n√£o

"fui sem celular pra escola hj, e dormi literalmente em todas as aulas",n√£o

Geral falando da volta das aulas √© eu sem escola kkkkk maneiro isso,n√£o

Vai ser chata as aulas sem ela pra rir das minhas piadas sobre o professor de mat que parece que fuma maconha e vai pra escola,n√£o

Bem que amanh√£ podia n√£o haver aulas s√≥ para prolongar os dias sem ir a escola,n√£o

"Queria ir √† escola, mas sem ter aulas s√≥ para estar com os meus amigos ‚ù§",n√£o

Aten√ß√£o! Mais de 400 estudantes est√£o sem aula em Erechim por falta de professores. Outros 480 tiveram as aulas canceladas em raz√£o de problemas no abastecimento de √°gua na escola. https://t.co/fWjg65FCG6,sim

Essas aulas da auto escola sem futuro,n√£o

Alunos reclamam que est√£o sem merenda na escola vitrine da educa√ß√£o no Estado https://t.co/k3nzdAtrCb https://t.co/zAlJo6i6lA,sim

as aulas nem voltaram ainda e eu ja estou sem paci√™ncia pra ir pra escola,n√£o

"Alunos da Escola Estadual M√°rcio Nery no bairro S√£o Francisco. Reclamam das m√°s condi√ß√µes do local. Desde o in√≠cio das aulas, algumas turmas est√£o tendo que estudar em um audit√≥rio e em uma biblioteca sem estrutura... https://t.co/2vR32yj1A4",sim

"Falta de g√°s deixa alunos sem merenda em escola do Estado, em Sousa. Falta tamb√©m energia e sobra mau cheiro de¬†esgoto https://t.co/FtZbjPTcL8 https://t.co/WXeNxfTvSI",sim

"@sme_carioca Cad√™ os professores de PORTUGU√äS da Escola Municipal Engenheiro Jo√£o Thom√©? 
Oitavo ano, turma 1801 sem aulas de portugu√™s desde o in√≠cio do ano!",sim

"fica a semana toda sem ir p escola e depois quer vir me perguntar q dia volta as aulas, nem respondo",n√£o

sem aulas hoje mas tenho q ir a escola a tarde para limpar fds,n√£o

Bomba d‚Äô√°gua queima e escola fica sem aulas na Vila Nova¬†Conquista https://t.co/oMUXIC2sQZ https://t.co/SVDKjGGLpk,sim

@CMSPCoelho Lembro-me dum ano em que a Fontes Pereira de Melo parecia a intifada. Aqui na rua puxaram fogo aos contentores do lixo e queimaram um carro... dano colateral perfeitamente justificado.,n√£o

"(NOT√çCIA DO DIA DE ANAG√â) ""RUA DO CEMIT√âRIO N√ÉO √â LIX√ÉO""



QUERO AQUI PEDIR AOS MORADORES DAS OUTRAS RUAS VIZINHA DA RUA DO CEMIT√âRIO QUE N√ÉO VENHA JOGAR LIXO AQUI NA RUA, O CAMINH√ÉO DO LIXO PASSAR TODOS OS DIAS... https://t.co/pRS4QBnd59",n√£o

"Bairro Vista Alegre



Rua Carlota Antunes, moradores pedem o caminh√£o de lixo na regi√£o, n√£o est√° passando pela rua o lixeiro. Cad√™ o prefeito Nanci? https://t.co/0sxpThgjJr",sim

"Voce sabia?

No 4¬∞ ano Felipe foi pra coordena√ß√£o com seus amigos ap√≥s deixarem um cachorro da rua entrar na escola e espalhar todo lixo das lixeiras da escola. https://t.co/ULWHTduEAs",n√£o

@fernandoojrr_ @ninna_05 N√£o seria mais f√°cil se o povo fosse mais consciente e n√£o ficasse jogando lixo na rua pra depois culpar os outros por coisas como essa?,n√£o

Se eu sair na rua hj e o lixeiro passar do meu lado ele me joga na ca√ßamba do caminh√£o de lixo,n√£o

VAMO PARAR DE JOGAR LIXO NA RUA NE GENTEN,n√£o

"Hoje voltando pra casa, achei esse monte de livros jogado na rua.

Fiquei muita chateada juntei todos, passei horas separando ... N√£o jogue no lixo ainda existem pessoas que precisam e que gostam de ler .

üíîüíî‚ù§Ô∏è ‚Äî se sentindo pensativa",n√£o

"@JoaquinShow Foi ato da CIA! Foi tudo combinado entre Trump e Bolsonaro! Agora a Globo Lixo e a Folha do Lula v√£o denunciar este compl√¥ internacional! O IBOSTA vai fazer a pesquisa de rua e confirmar: Temer tem 90% de simpatia do povo! Enquanto isso, na carceragem da PF em Curitiba...",n√£o

"@_talyssasouza o √≥dio, o Chris pratt n√£o √© nenhum flor que se cheire, ele apoiou o abusador do James gunn, fez piadas transfobicas e j√° soltou a porra do pr√≥prio cachorro na rua, sem contar a vez que ele tentou vender o gato dele porque o gato j√° estava velho, esse homem e um verdadeiro lixo",n√£o

"@NihilEtOmnia @1potedemel @Pedro_ottoni @reimiranda58 @Padig U√©, eu sou educado, frequento carnaval mas n√£o jogo lixo na rua, n√£o fico arrumando briga, n√£o sai beijando bocas aleat√≥rias, ent√£o n√£o nivele quem frequenta essa festa que gera MILH√ïES pra economia brasileira. Se voc√™ n√£o gosta, s√≥ n√£o v√°, voc√™ √© livre pra isso.",n√£o

"Acabei de ver uma frase na rua ""proibido lixo colocar"" pq caralhos a pessoa inverteu a frase?",n√£o

19. falando higiene sempre tem os infeliz que jogam lixo no ch√£o e esquecem que a gente ta LITERALMENTE na rua e onde todas as baratas e ratos moram,n√£o

Eu sonhei que comia tanta batata frita e eu tava cm a mao cheia de batata e eu enjoava num n√≠vel que eu jogava as batata numa pilha de lixo na rua,n√£o

"Tudo essas merda que anda acontecendo √© tudo castigo pro ser humano de tanta merda q faz

Vai la

Joga lixo na rua

Mata as pessoa

Rouba o vizinho

Estaciona em vaga de deficiente

Queima lixo

QQ coisinha √© uma coisa grande q volta

C√™s tem que aprender a respeitar a natureza porra",n√£o

"Arco-√≠ris: a



Pessoas: ai vamos colocar no status aqui pagar de ""amo a natureza"" e depois jogar lixo na rua...",n√£o

"a mulher trabalha com a natureza e sai jogando lixo na rua, acho que t√° na profissao errada",n√£o

"A Comlurb recolhe lixo regularmente no munic√≠pio do Rio de Janeiro, mas alguns idiotas insistem em jogar lixo na rua... https://t.co/sJ06ZsXIkz",n√£o

rol√™ de hj: recolher lixo na rua e fazer carinho em gatos,n√£o

"@o_antagonista Esses ‚Äúmovimentos ‚Äú j√° conseguiram o que queriam, no ano passado: eleger seus representantes. Mas, nada como uma elei√ß√£o atr√°s da outra. Eles voltar√£o para o lixo da hist√≥ria. Dia 26, todos na rua!",n√£o

Tem algum puto queimando lixo e o cheiro t√° na rua inteira pqp,n√£o

Como assim n√£o pode lixo na rua?? E meu direito de ir e vir fica a onde?ü§¶üèª‚Äç‚ôÇÔ∏è,n√£o

"A professora falando que t√° caindo √°gua do ar condicionado a√≠ Carlos- por isso q n pode jogar lixo na rua 



Kkkkkkkkkkkkkk eu rir muito cr , com o jeito q ele falou",n√£o

√ìdio dessas pessoa que jogam lixo na rua/estrada,n√£o

"A popula√ß√£o de Toledo √© deveras engra√ßada. Reclamam do lixo na rua, mas nunca pensaran que nao existe ""tirar lixo pra fora"". Bando de rico babaca que reclama no face e nunca pisou numa plen√°ria.",n√£o

SOMOS CAMBADOS PROP√ìN O ABARATAMENTO DO RECIBO DO LIXO E UNHA NOVA BOLSA DE ESTACIONAMENTO GRATUITO NA ZONA DA R√öA NOVA https://t.co/9qxGL7miSQ,n√£o

"Gente como que ceis d√£o conta de jogar lixo na rua sem peso na consci√™ncia???? Eu abro minha mochila depois do role e TODA EMBALAGEM DE PRODUTO QUE EU CONSUMI T√Å L√Å DENTRO 



Inclusive juntando tampinhas de garrafa pra ajudar os bichinhos do Tampatas



FA√áAM O MESMO https://t.co/8TZGVUojOr",n√£o

"@angela_nespoli @rsallesmma @mskanaan Isso em conjunto a educa√ß√£o do cidad√£o em n√£o jogar lixo na rua, funcionar√≠a muito bem.",n√£o

A vontade que eu tenho de gritar com quem joga lixo na rua n√£o √© normal,n√£o

minha vis√£o ta tao lixo q n reconhe√ßo as pessoas na rua,n√£o

"T√° vendo a√≠ galera, isso que d√° jogar lixo na rua https://t.co/cTSEPlkWqM",n√£o

N√£o sei quem √© pior a prefeitura que reage apenas quando a merda a acontece ou a popula√ß√£o que adora jogar lixo na rua....,n√£o

No insta partilham os v√≠deos de polui√ß√£o marinha mas mandam o lixo p ch√£o na rua tp,n√£o

mano quem que √© esse lixo de mulher? a gente pode linchar ela na rua? https://t.co/3NyLWp14Xu,n√£o

"@pnglife CARA FILHO DA PUTA

BATE NA MULHER ESSE MERDA

LIXO DO KARALHO, SE EU VESSE ESSE ESTRUME NA RUA EU FAZIA OQ ELE FEZ COM ELA",n√£o

"@icaromaiapin @GuilhermeBoulos Sabe quando seria bom as pessoas terem zelo pelo patrim√¥nio p√∫blico e nunca se importam? Quando tacam lixo na rua, destroem aquela arvorezinha crescendo na pra√ßa.",n√£o

"@Chakal_xP So sei pular e dar tiro.. na parte da construcao, sou um completo lixo! Morador de rua mesmo! Construcao 0!",n√£o

@folha Estes foli√µes tiveram a oportunidade de ver o que o lixo que jogam na rua faz...,n√£o

Caralho quando eu vejo gente porca jogando lixo na rua da vontade de da um bic√£o,n√£o

"minha v√≥: ‚Äútem homem q eh igual cachorro,tem ra√ß√£o boa em casa,mas sai na rua pra comer lixo‚Äù KKKKKKK sensacional!",n√£o

Gostei de um v√≠deo @YouTube https://t.co/761i2UvcXR lixo na rua,n√£o

a pessoa tem a pachorra de chutar o lixo na rua mas n√£o tem a capacidade de abaixar e recolher E DAI QUE N√ÉO FOI VC QUE JOGOU VAI CAIR A M√ÉO SE VC PEGAR E JOGAR NO DEVIDO LUGAR?,n√£o

"Cheguei em casa t√£o brava que me irritei com o ""cheirinho"" do banheiro q arranquei da parede e joguei no saco de lixo la na rua. Minha m√£e nem se arriscou dizer alguma coisa",n√£o

saindo da fisioterapia ca√≠ na rua e joguei todo o dinheiro gasto na sess√£o no lixo,n√£o

"@Klbia4 @g1santos N√£o √© s√≥ turista n√£o...moradores e prefeitura tem sua parcela de culpa tbm, moro aqui e todo dia vejo morador jogar lixo fora do lixo seja em praia ou na rua.",n√£o

Essa diretoria √© organizado n√© ? Quero ver jogar lixo na rua agora üòÇüòÇüòÇüòÇüòÇ https://t.co/QYwJTqglXW,n√£o

"Tem uns velhos t√£o rid√≠culos por a√≠, jogando lixo na rua, no c√≥rrego, DENTRO DO √îNIBUS, que eu penso ""que bom que ja ta com o p√© na cova"" porque mesmo velho ainda faz merda vsf",n√£o

"√â verdade, eles s√£o gente do mau , petistas vagabundo esquerda bandidas m√°s juntos, presidente Jair Messias Bolsonaro e n√≥s colocamos eles na lata do lixo .                Domingo todos n√≥s √† rua https://t.co/WvcuSVXUjy",n√£o

eu fui jogar lixo na lixeira aqui da rua e tinha uns animes l√° https://t.co/YctbOxmuu3,n√£o

"@ArthurLira_ Vcs s√£o um c√¢ncer, vc Principalmente um lixo da pior esp√©cie, ta fazendo de tudo pra achacar a reforma da previd√™ncia pra minar o governo, enquanto isso o pa√≠s que paga seu salario parado, lixos como vc tem que come√ßar a apanhar na rua pra virar gente, como em pa√≠ses s√©rios.",n√£o

@JornalOGlobo Tnc seu comunistas de merda! Isso pode agora? Arte √© mostrar o ponto na rua? Passa o endere√ßo da reda√ß√£o para eu ir a√≠ fazer golden performance na mesa de voc√™s! COMUNISTA √â O LIXO DA HUMANIDADE. CAMBADA DE DOENTE MENTAL. @JornalOGlobo assessor de comunista. Empresa LIXO,n√£o

N√£o adianta reclamar q t√° alagado se continua jogando lixo na rua,n√£o

"@rezendejao @UfOgui Concordo com essa garota, pois s√£o as baratas q d√£o fim nas bituca de cigarro e outros lixo q fica na rua",n√£o

Hoje eu vi um doguinho na rua roubando do lixo uma fralda de beb√™ suja e voltando pra casa. Ele entrou pelo meio das frestas do port√£o. Pelo jeito esse doguinho vai levar uma bronca. üòÇ #pet #cachorro #dog #cao #viralata,n√£o

"J√° gritaram a pessoa na rua e ela n√£o falou cntg, vergonha √© lixo, tem nem volta !",n√£o

sempre bom lembrar de respeitar as pessoas e o ambiente que est√°. plmrds n√£o joguem lixo na rua #CarnavalSemAssedio,n√£o

A maioria desses alagamento em cidade grande seriam evitados se as pessoas n√£o jogassem tanto lixo na rua... tudo entupido,n√£o

hoje na rua um boy viu meu cabelo sem disfar√ßado e disse: disfar√ßado pra tu √© lixo n√© irm√£o kkkkkk vi nascer a primeira milit√¢ncia pela manuten√ß√£o do disfar√ßado nos cabelos afro-diasp√≥ricos,n√£o

Mais um dia lutando contra as pessoas que jogam lixo na rua.. üò°ü§Æ,n√£o

"se vc coloca o lixo na rua e nenhum cachorro rasga fazendo uma zona na sua cal√ßada, eu nem preciso falar que vc √© burgu√™s, n√©?",n√£o

@sprinterkombis eu comprava uns na internet pq os que vendem hj na rua sao um lixo toxico ou bem caro,n√£o

"@jaobadeus o problema do lixo na rua √© q ele n fica l√° esperando

entra em bueiro e etc

d√° mt transtorno

mas sla ne

nunca sei oq fzr",n√£o

@_mirellaoli Mas mesmo assim ainda tem gentr q joga lixo na rua e lugar de lixo √© no lixo,n√£o

"eu fico com muita raiva quando vejo gente jogando lixo na rua, √†s vezes tem lixeira perto e o infeliz prefere jogar no ch√£o......",n√£o

Meninxs que se recusam a jogar lixo na rua e acabam com a bolsa cheia de papel amassado me add,n√£o

"@flobodani ai amiga, tem que ser sensata nessas horas. ai depois t√° reclamando que por aqui ta tudo alagado. fiquei puta demais pqp. odeio gnt q joga lixo na rua AAAA",n√£o

"MEU DEUS, Pinhais est√° completamente alagado 



Parab√©ns em amiguinhos, continuem jogando lixo na rua üëèüëèüëè",n√£o

"@Michele_M0rais @Mitobonoro17R Quando alaga a resposta √© imediata: ‚Äúculpa do povo que joga lixo na rua‚Äù como se TODOS jogassem lixo na rua. A√≠ √© f√°cil...O gestor n√£o faz o que tem que fazer e depois joga a culpa no povo. Michele, aqui eu vou perturbar essa prefeitura. Ano que vem √© a mudan√ßa...",n√£o

"@exulia isso √© uma merda



a galera reclama de chefe lixo, mas n√£o pensa que na rua, o  chefe lixo do motorista pode ser a gente",n√£o

"que mico mano, tava aqui na rua esperando meu amigo e da√≠ enquanto ele n√£o vinha eu fiquei dan√ßando na rua.. s√≥ que eu n√£o vi que tinha uma senhora jogando lixo e ela ficou olhando p mim KKKKKKKKKKKKKK que vergonha, agora ela acha que eu sou louca",n√£o

"√Äs 24:00:



Ela: -Pegue esse lixo e jogue na rua 



Eu: -Sim, amor....",n√£o

"@FriedHardt Tomara que esteja zuando. Venezuela √© um Pa√≠s onde as pessoas fazem filas pra comprar carne estragada pra comer que ca√ßam cachorros na rua para matar a fome e ainda tem babaca pra falar umas asneiras dessa. Tomara que n√£o seja verdade, uma pessoa com um pensamento t√£o lixo.",n√£o

"@joomikhail V√£o pedir Lula Livre! Vai ter √¥nibus queimado, fuma√ßa de maconha, o com√©rcio vai fechar, vai ter lixo na rua!! A velha balb√∫rdia de sempre disfar√ßada de lula livre. Vai se catar esquerdista lixo.",n√£o

"Eu to a pr√≥pria ca√ßamba de lixo andando na rua. 

Certamente vou encontrar algu√©m que n√£o deveria me ver nessas circunst√¢ncias",n√£o

"Acho que nesse momento antes de julgar prefeito, vereador, quem joga lixo na rua ou deixa de jogar, temos que pensar naqueles que estao precisando de ajuda, que perderam coisas em casa. Se cada pessoa come√ßar a pensar dessa forma garanto que iremos ajudar mt familia a ser feliz",n√£o

"meu lixo encheu de larvas pela 827372 vez e tive que descer com ele pra jogar no lixo da rua e lavar+desinfetar na mangueira do pr√©dio 

as 8 da noite

com tudo escuro",n√£o

"E no geral, a perspectiva √© bem pior que a gente imagina. Tem uma hora em todo ecossistema que a gente passa de um ponto em que d√° pra consertar as coisas, ou voltar atr√°s. N√£o √© s√≥ plantar mais arvores e parar de jogar lixo na rua. Nao vai funcionar mais, entende?",n√£o

"@Smith_Hays @EstadaoPolitica Nada quebrado, nem lixo na rua e o principal, manifesta√ß√µes q geram efeitos!!",n√£o

"acho que nada me deixa com mais RAIVA do que quando to andando na rua e tem um macho perto de mim e ele s√≥ espirra igual um cavalOO 



fico kkbota a m√£o na boca seu lixo",n√£o

"Conversas saud√°veis com a miga pra tampar o desespero 



[22/01/2019 19:49:20] Tami ‚ù§: Eu tinha q ter ido bem em natureza

[22/01/2019 19:49:34] Alu: Quem mandou jogar o lixo na rua

[22/01/2019 19:49:57] Tami ‚ù§: Ksksjwjwjwkskkskwkskskksjjsniskskakakkwkska",n√£o

"nao podemos julgar o pr√≥ximo....



mas se jogar lixo na rua pode sim",n√£o

"Se voc√™ coloca o lixo no bolso pra evitar jogar na rua, tu merece o mundo!",n√£o

"Reclamam reclamam das cat√°strofes q est√£o acontecendo, de enchentes e etc, mas n√£o sentem um receio quando jogam um lixo na rua, ta viajando e jogam coisas p fora do carro, e assim vai... lacrar na internet todo mundo quer, agr na vida real q n tem plateia √© um üí© pra natureza",n√£o

"""Eu guardo meu lixo no bolso pra n√£o jogar na rua"" https://t.co/N3vpEiGqwJ",n√£o

@nandis_fay Minha vo n√£o acha lixo brilhante na rua,n√£o

"Rec√©m-nascida √© encontrada em saco de lixo em rua de Santa Cruz, na Zona Oeste. https://t.co/PrqQDfystv",n√£o

"Quem joga lixo na rua, n√£o t√° jogando lixo na rua de fato, pq o lixo acaba sendo quem jogou",n√£o

Em pleno 2019 e ainda temos que avisar as pessoas pra n√£o jogar lixo na rua pqp,n√£o

"@FelipeBetim Ah, deveria ser vagabundo! Tava fazendo o que na rua? Se a PM fez isso foi pq teve motivo. 



Cont√©m ironia, deboche 



Esse √© o discurso de merda que essa gente lixo usa pra justificar matan√ßa e √≥dio sem limite. Nojo!",n√£o

"Eu: eu sou lindo meu corpo √© um templo



Eu 5min depois: como eu OUSO botar esse esse LIXO que eu chamo de corpo na rua?????",n√£o

"@cabojunioamaral CARA ruim de mira, errar o ""globo"" a meio metro do verme... amanh√£ esse LIXO estar√° na rua fazendo outra v√≠tima. N√ÉO PODE VACILAR!!",n√£o

@jandira_feghali O morador de rua vai na conta de vcs. Mentirosa e mau car√°ter. Lixo da pol√≠tica.,n√£o

"hoje mexi num cachorrinho na rua, fiquei tao triste de ir embora e deixar ele comendo o lixo l√°",n√£o

"Rua Sebastiana Monteiro de Santana na Vila Real/Frei Dami√£o. Esgoto correndo a c√©u aberto, mato tomando as calcadas e lixo acumulado numa cidade onde a popula√ß√£o paga caro pela coleta. Moradores j√° solicitaram in√∫meras... https://t.co/C6loO1bMVQ",sim

"O cara t√° colocando an√∫ncio em adesivo do poste e joga NA RUA o papel sem a cola com a puta lixeira na frente! Falei ""joga o papel no lixo, pelo menos"" e ele disse ""tem quem cata"". Mds, o que eu t√¥ fazendo neste planeta?!!",n√£o

"Pena eu tenho dos doguinhos que dormem na rua, no frio, n√£o t√™m nem comida, t√™m que revirar lixo, eu n√£o tenho condi√ß√µes de abrigar aqui em casa, do Sid√£o eu tenho √≥dio",n√£o

"Que √≥dio de gente tacando lixo na rua pqp, vai alagar essa porra fdp",n√£o

Esse √© o mesmo povo que vem nas redes socias reclamar que as ruas est√£o alagadas! E ainda me encheu de desaforo quando eu perguntei se ia jogar lixo na rua.,n√£o

sabe oq eu tenho vontade de fazer com esses porras que jogam bituca de cigarro na rua? ENFIAR UMA BITUCA NO CU E OUTRA NO OLHO QUE INFERNO VELHO CUSTA JOGAR NO LIXO? ah mas n tinha lixo perto A√ç ISSO √â UM PROBLEMA SEU E NAO DO PLANETA,n√£o

Gritaria aqui na rua foi lixo na hora dos p√™naltis kkkkk !!,n√£o

"Tava me sentindo um lixo quase chorando na rua



Chego em casa tomo banho e boto roupa masculina



Me sinto a sapatao mais linda do mundo e queria ser outra pessoa so pra poder me pegar



Sei la sextou mt e eu to mt gata quem negar mentiu",n√£o

Estou saindo s√≥ o lixo favor ngm me encontrar na rua,n√£o

fica reclamando dos alagamentos mas fica jogando lixo na rua #pordentrocomcardinot,n√£o

"lyka chegou em casa agr ja foi botando os lixo na rua organizando a cozinha, eh disso q eu to falando",n√£o

I liked a @YouTube video https://t.co/uWTA1QLoaa jogando lixo na rua,n√£o

"bts: agora pare de nos assistir e v√° estudar para seus exames

exo: eu quero proteger voc√™, para sempre

got7: voc√™ deslumbra, tao linda em todos os sentidos

voces: kpop lixo, ninguem entende nada

mic duiguinho: taca a bebida depois taca a pica e abandona na rua

voces: ok",n√£o
Eu amo meus amigos s√≥ q eles jogam lixo na rua afs,n√£o
Hoje √© um daqueles dias da tpm que to me sentindo um lixo jogado na beira da rua que at√© o caminh√£o do lixo rejeita,n√£o
"[4/2, 17:28] toro üêÉ: as vezes eu vou jogar um lixo na rua e lembro que tu me incentivou a n√£o jogar la no in√≠cio da amizade e penso ""suh iria se decepcionar cmg se eu jogasse""",n√£o
"O pessoal de Joinville est√° muito porco ultimamente. Por onde voc√™ passa na rua, tem um monte de lixo",n√£o
sabe oq √© isso????? fica jogando o carai dos lixo na rua ai quando alaga reclama ne,n√£o
@kmaiconkusterkk @kkkkustermaicon @KusterTriggered @maikunkuster fodase oq mlk ta achando q eh quem?.. te acho na rua te meto um socao quero ver me encarar esse aqui eh irm√£o desse aqui oh fdp do caralho lixo,n√£o
"@NaoInviabilize Isso √© muito real. Ja quase fiz o cara que dirigia a van escolar (na minha epoca de escola) bater a van pq vi um cachorro na rua e ele ia passar por cima, mas era s√≥ um saco de lixo.",n√£o
Que gente lixo que abandona os dog na rua,n√£o
A√≠ eu disse que eu onde eu moro agora tamb√©m h√° uma ignor√¢ncia bizarra em torno disso tipo eu moro no morro e n√£o tenho vizinho na frente pq √© td decida barranco e vai laa na rua debaixo A√≠ de tava falando que as pessoas v√™m do final da rua com suas sacolinhas de lixo e jogam o,n√£o
qual o problema das pessoas q jogam lixo na rua,n√£o
"Esse povo dessa rua √© uo ,bota lixo tudo aqui na porta da minha m√£e,vou come√ßa a joga nas porta tbm",n√£o
"Se voc√™ coloca o lixo no bolso para n√£o jogar na rua parab√©ns voc√™ merece o mundo!‚ù§Ô∏è
@sincerojesuis",n√£o
"povo reclama que chove e alaga as ruas, ENT√ÉO POR QUE VOC√äS JOGAM LIXO NA RUA ????",n√£o
Medo de sair na rua e o caminh√£o do lixo me levar...üò∂üöö,n√£o
"@prefeituraserra 
Cad√™ os agentes da dengue da prefeitura  que n√£o est√£o fiscalizando este monte de lixo e focos da dengue encima da cal√ßada no bairro: s√£o Diogo 1 na serra?

Este ponto viciado de lixo fica na rua Coelho Neto, pr√≥ximo ao status motel... https://t.co/EN2MoTyhVd",sim
Eu fico olhando esse povo sa√≠ de casa na praia ao inv√©s de levar uma sacola p jogar o lixo fora JOGA TUDO NA AREIA E NA RUA √î √ìDIO https://t.co/sxDuqDAXa9,n√£o
"@macunaimaz N√£o sei o que √© pior, a Sra. jogando lixo na rua poluindo a cidade ou a pessoa que viu, filmou calado e deixou ela continuar poluindo.",n√£o
"Ter√ßa-feira o caminh√£o do lixo passou antes das 7h aqui na rua. Eles viram minha m√£e e pediram caf√©, mas a minha av√≥ disse pra pararem na volta pq ainda ia comprar p√£o. Na volta pararam e tomaram caf√© com p√£o. Eu queria t√° acordada pra mostrar esse momento pro @belemtransito üòÜ",n√£o
Nunca pensei q a maior dificuldade de morar sozinha seria conseguir colocar o lixo na rua antes do caminh√£o passar sinceramente,n√£o
"@PrefBelfordRoxo eis a m√°quina que seria pra asfaltar na rua Juscelino Kubitschek no Parque Esperan√ßa e virou ca√ßamba de lixo, ela est√° a√≠ desde o fim das elei√ß√µes bem em frente a uma creche, mas o Sr sabe pq j√° mandei outras vezes. https://t.co/fFukKWMfqc",n√£o
"tenho um √≥dio de quem joga lixo na rua, vai tomar no cUUUUUUUUU",n√£o
"Mano esse v√≠deo √© eu toda quando t√¥ andando e algu√©m joga lixo na rua s√©rio fa√ßam, a rea√ß√£o das pessoas √© sublime (cuidado s√≥ pra n√£o tentarem te atropelar pq acontece tamb√©m) https://t.co/5YrTLhOiag",n√£o
Povo foi pra rua hj protesta a favor da educa√ß√£o mais na globo lixo tinha nego pedindo Lula livre? u√© √© pela educa√ß√£o ou protesto a favor do luladr√£o? Esse povo da esquerda √© sem no√ß√£o.,n√£o
A pr√≥xima vez que eu pegar algum fela da m√£e jogando lixo que possa acumular √°gua na rua eu vou brigar demais,n√£o
"meu, qual a dificuldade de jogar a porra do lixo no lixo??? enfia no cu essa desgra√ßa, mas N√ÉO joga na rua!!!",n√£o
"Hoje eu tava vindo pra casa e quando paramos no sinal o cara da van que tava na frente simplesmente jogou o copo descart√°vel dele com papel do salgado pela janela e eu quase desci da van e fui tacar o lixo na cara dele(n fiz pq eu poderia apanhar no meio da rua n√©, infelizmente)",n√£o
Vamos jogar lixo na rua pro varredor n√£o perder o emprego #pas https://t.co/e8Avkjm76W,n√£o
"#Lixo #CidadeNova #Itaja√≠

MORADORES RECLAMAM DE LIXO NO CIDADE NOVA

Moradores da Rua Maria Alves Mafra no Bairro Cidade Nova em Itaja√≠ reclamam do lixo que est√° acumulando na rua, al√©m de atrair ratos e... https://t.co/K4h4a20JS4",sim
"""Coloco o lixo na rua e em 20 minutos alg√∫em passa e come esse lixo"" https://t.co/LslQSSNBQc",n√£o
"√â como uma conhecida falou
‚ÄúN√£o adianta o cachorro pode ter a melhor ra√ß√£o em casa, mas na rua ele fu√ßa no lixo‚Äù",n√£o
"engordei tanto q to com vergonha de sair na rua.
eu sou um lixo",n√£o
pe√ßo desculpas pra qm me ver na rua pq to o pr√≥prio lixo hj,n√£o
"paulistano √© merda
para de jogar lixo na rua seu fdp",n√£o
"Joga lixo na rua depois reclama de alagamento, vai l√° bo√ßal",n√£o
"@comlurbcomunica s√≥ pode ser desconhecimento da cidade planejar uma rota de coleta de lixo numa rua com 1 pista em hor√°rio de rush.
Prefeito Dulc√≠dio Cardoso na ABM √†s 7:30 da noite e brincadeira",sim
"@FeCastanhari @jairbolsonaro Assim como eu n√£o jogo lixo na rua pq n√£o quero entupir boeiro.. independente de ter multa ou n√£o. Eh quest√£o l√≥gica e de educa√ß√£o.  Por favor  pare de criar hist√≥ria e coloca na conta do governo responsabilidades que devem ser nossas. ( N√≥s, povo) boa noite",n√£o
"@visaooeste A CIDADE DE OSASCO ESTA ABANDONADA!
AS RUAS EST√ÉO TODAS ESBURACADAS, VOU DAR UAM VIA DE MILHARES QUE EST√ÉO UM LIXO.
A RUA QUE FICA NA FRETE DA ESCOLA JULIA LOPES, √â TANTO REMENDO E BURACO QUE PARECE QUE O LOCAL FOI BOMBARDEADO.",sim
"nem precisa ser s√≥ na praia, achou na rua pega e joga no lixo, se cada um catar uns 3 por dia faz uma diferen√ßa gigante https://t.co/w2IPrEjoxt",n√£o
¬ª Prefeitura de Major Vieira orienta popula√ß√£o para n√£o jogar lixo na rua - JMais https://t.co/ErmVhnLCcs,n√£o
Lixo org√¢nico tamb√©m √© jogado na rua Leonardo Drumond... N√£o tem fiscaliza√ß√£o https://t.co/XFcar1CnRY,sim
@dudasmola @ericalouuise_ Ela vai na rua jogar o lixo e se apaixona,n√£o
@comlurbcomunica ESTAMOS COM AS DUAS LIXEIRAS CHEIAS E SEM ESPA√áO PARA COLOCAR LIXO NA RUA DAS AMENDOEIRAS EM COSMOS .PE√áO COLETA URGENTE @Prefeitura_Rio @RIOUrgent @CampoGrandeRJ1 @InformeRJO DESCASO E ABANDONO da @comlurbcomunica https://t.co/seO1nJRwSw,sim
"@wefightt @BTS_twt At√© o saco de lixo jogado na rua
#BBMAsTopSocial BTS IS OUR REMEDY (@BTS_twt)",n√£o
ai que bicha hip√≥crita kkkkkkk posta a foto de lixo na praia mas joga lixo na rua kkkkkkkk me poupe,n√£o
"Boa tarde temos que jogar o lixo no lixo e, √± na rua https://t.co/95aXnooy1o",n√£o
"@cabofrio_pmcf Somente na cidade de Cabo Frio, n√©? Pois voc√™s ignoram os demais distritos. Essa √© a Rua da Lontras em Unamar. Falta dignidade para os moradores. Convivemos com ratos, moscas e cobras. Esse √© o lixo da Prefeitura de Cabo Frio. https://t.co/e7bgwnRWBr",n√£o
"Pena que a √°gua n√£o √© seletiva pra levar esse povo porcalh√£o que deve cagar at√© no sofa de casa e joga lixo na rua, ai tem que fazer drenagem.

Pro caralho todo mundo, incluindo o prefeito!

#ProibirCanudoDeuMuitoCertoSIM https://t.co/pubvovqzS9",n√£o
Isso √© culpa desses troxa que jogam lixo na rua,n√£o
@AdrianoCezak S√©rio q vc teve o desprazer de cruzar com aquele lixo t√≥xico na rua?,n√£o
"n√£o joga lixo na rua n√£o filho da puta, enfia no teu cu mas n√£o joga na rua",n√£o
na moral como eu odeio gente que joga lixo na rua vsf https://t.co/eXfWIIy9Y7,n√£o
"Ref: oco. das 17h44 Inc√™ndio em Resid√™ncia na Rua Andradina com a Alfredo Pujol, fogo em lixo, nas depend√™ncias externas √† resid√™ncia, sem v√≠timas, extinto e local deixado em seguran√ßa. #193R",n√£o
"Um caminh√£o de lixo tombou aqui na rua e um menino ficou preso, minha irm√£ pediu p ajudar at√© a ambul√¢ncia chegar mas eu to tipo (???)",n√£o
"@pinkfloydia Siim!! N√£o entendo, √© como se estivesse na casa de algu√©m e jogasse o lixo no ch√£o, a pessoa com certeza n√£o gostaria. A rua √© de todos, deveriam pensar que n√£o √© todo mundo que gosta de viver na imund√≠cie! ü§¶üèª‚Äç‚ôÄÔ∏è",n√£o
"Nunca andem na rua escura distra√≠dos, hoje eu ca√≠ numa pilha de lixo",n√£o
@sensacionalislz Depois eu fico ouvindo o povo reclamar que t√° tendo muita enchente mas vive jogando lixo na rua,n√£o
"Combate ao descarte irregular de lixo na rua √Ågua Encantada, na Vila Ede. Contamos com voc√™s na manuten√ß√£o! ‚ôª #CuidarProtegerInovar https://t.co/mwVkKSGDsu",sim
Infelizmente na maioria das vezes as pr√≥prias pessoas que s√£o prejudicadas s√£o as mesmas que jogam o lixo na rua e nos rios https://t.co/M9oI2pdkzV,n√£o
Fico no veneno quando vejo algu√©m jogando lixo na rua https://t.co/3h0p5gcxSK,n√£o
"@Central_1746 Esse lixo esta na entrada da Rua Major Jacarand√°, esquina com Rua Laurindo Rabello no Est√°cio h√° mais de uma semana. Em caso de chuva forte vai descer pela Rua S√£o Carlos e entupir os bueiros do bairro. T√° na hora de recolher. https://t.co/hoAwHi2LEA",sim
"""esse calor √© o fim dos tempos, o apocalipse""
TEU C√ö! √â TU QUE JOGA LIXO NA RUA, P√ïE FOGO E DESTR√ìI O CARALHO TODO PNC https://t.co/8DXhJG0ukY",n√£o
"Aqui na esquina da Evaristo de Morais com a Rua das Rosas!!
Virou dep√≥sito de lixo, os porcos imundos sujam e o canalha n√£o manda ningu√©m recolher. https://t.co/YAHMva8IlC",sim
tanta lixeira e o povo insiste em jogar lixo na rua https://t.co/fM8drWP9Mv,n√£o
Reclama de alagamento mas fica jogando lixo na rua.,n√£o
"Ae, se vc joga lixo na rua, vc √© um bosta e ponto n tem discuss√£o.",n√£o
"Como assim n√£o pode mais lixo na rua, e o meu direito de ir e vir como fica?",n√£o
"@Lakeofme Minha v√≥ foi l√° brigar KKKKKK a mui√© jogou lixo NA RUA e ainda achou ruim reclamarem, tomara q o chinelo arrebente no meio da rua",n√£o
"Cara√≠ fi a @annykaroline45  e minha m√£e gostam de uma treta kkkk
Elas sa√≠ram aqui na rua pra ver a treta do cara do caminh√£o de lixo com o outro homem e ainda debocharam do cara mano kkkkkkkkkkkkkkkkkkkk",n√£o
