full_text,reclamacao

Sem a m√≠nima vontade de ir pra escola e encara as duas aulas de hist√≥ria,n√£o

"@paypervitu T√° ruim assim? T√° sem luz no meu bairro, q √© o bairro da escola tamb√©m",n√£o

"caraca meu professor de ingl√™s pisa em todos daquela escola sem d√∫vidas, mesmo que eu esteja que nem uma morta viva na escola as aulas deles sempre me deixam mais interessada",n√£o

"Eu so nao quero e ter aulas pq tar na escola at√© q √© fixe,, mas SEM AULAS !",n√£o

sem mdd n√£o tenho vontade nenhuma de ir pra escola desde que as aulas come√ßou eu s√≥ fui 2 dias kkkk n√£o tenho for√ßas pra continuar,n√£o

"Tem Carro e CNH mas FALTA CORAGEM PARA DIRIGIR?

Tratamento Completo e R√°pido para quem tem MEDO DE DIRIGIR, s√≥ R$680, em 10x no cart√£o. Sem pagar por aulas adicionais na auto escola. Oferta v√°lida somente para os 10 primeiros.

- Para voc√™ ter liberdade‚Ä¶https://t.co/9qUoSLISKP",n√£o

"eu tive uma semana inteira sem aulas por causa do carnaval, eu quero voltar pra escola mesmo passando raiva por motivo bobo o dia todo",n√£o

"Sei o tal Hino Nacional completo desde sempre e realmente n√£o me ajudou em ABSOLUTAMENTE NADA.
Filma a tua Escola sucateada, Diretor, Pedagogo, Professor! Mostra Ela sem merenda, sem o m√≠nimo que garanta... https://t.co/u0iCfDCcEp",n√£o

"as aulas come√ßam semana q vem e eu n√£o to preparada p isso, ainda mais em outra escola e sem uns amigos q sempre estiveram cmg",n√£o

"Hoje a merenda na escola do Cadu foi: p√£o puro. Sem margarina. Puro. Seco.
Obrigada prefeitura de campo grande. Por sorte meu filho vai alimentado... j√° outros...",sim

Jaja as aulas voltam e eu sem escola kkkk,n√£o

N√£o da pra ir pra escola sem ter aquelas aulas que te motivam a continuar,n√£o

"@LKosenhoski N√£o tem como, um bando de sem estudos devem ir na escola s√≥ pra merenda e Ed f√≠sica...",n√£o

"O tipo de professor que o eleitor de Jair Bolsonaro gosta √© o nazista.

Ele existe e ainda d√° aulas.

N√£o s√≥ dele o Escola Sem Partido n√£o reclama, como os eleitores de Jair Bolsonaro at√© o indicam para cargos no Minist√©rio da Educa√ß√£o.

At√© pra ministro, por que n√£o? https://t.co/GsF0t2JJtO",n√£o

"a √∫nica coisa boa dessa escola √© que a fila da merenda das meninas √© separada dos menino, nao vou ter que aturar macho sem educa√ß√£o",n√£o

Tweet de Escola sem Partido (@escolasempartid) Escola sem Partido (@escolasempartid) tweetou: Gravar/filmar aulas √© ato de leg√≠tima defesa contra os predadores ideol√≥gicos disfar√ßados de professores. https://t.co/cy6uggPAk4 https://t.co/qlWsolEnTI,n√£o

Acabei de receber uma not√≠cia de uma m√£e de um aluno da EC 39 do P.Norte que na escola os alunos est√£o sem merenda por que n√£o tem g√°s. Ser√° isso verdade? Se for √© o c√∫mulo do descaso com a educa√ß√£o. @Gov_DF @educadf @IbaneisOficial,sim

"Povo tava falando que o @DiiegoBorges ia embora da escola, achei que era zoeira, mas j√° que √© real, eu s√≥ tenho √° agradecer por cada segundo que passei com vc nas aulas, eram as melhores, dava gra√ßas a Deus por ter aula com o senhor, voc√™ sem d√∫vidas alguma foi o melhor professor",n√£o

"Al√¥ ministro S√©rgio Moro.
Pode dar uma forcinha aqui em SJM? 
A coisa t√° feia. Os contratos s√£os suspeitos, as movimenta√ß√µes pol√≠ticas tamb√©m. Aposentado n√£o recebe e a escola est√° sem merenda. 
No final das contas para o prefeito @DrJoaoOficial, BANDIDO √© quem n√£o pagou o IPVA. https://t.co/qoTW3U9auU",sim

"@rodrigobocardi Bom Dia Borcadi,Aqui na escola Joanna Abra√£o na Am√©ricanopolis tbm t√° sofrendo com a merenda desdo come√ßo das aulas em fev √†s crian√ßas est√£o sem merenda t√£o comendo s√≥ bolacha,bolinho,e uma vitamina de caixinha √© um absurdo isso o que t√° acontecendo nas escolas",sim

"esse ano n√£o tem apostila, minha escola ta sem merenda, a estrutura do predio √© horrivel, professores mais faltam do que v√£o al√©m daqueles que d√£o aula igual o cu dele mas de acordo com o ministro da educa√ß√£o isso se resolve pelo hino nacional *-*",sim

"QUE SACANAGEM!

""Gostaria de pedir uma ajuda.
A Escola Municipal √ârico Verissimo que fica localizada no bairro Fazenda Botafogo  perto de Acari.
Os alunos est√£o sem aula e ficaram at√© sexta porque marginais roubaram os fios da escola ela 4¬∞ vez esse ano"" https://t.co/Gzyk7oAHDV",sim

"(NOT√çCIA DO DIA DE ANAG√â) ""RUA DO CEMIT√âRIO N√ÉO √â LIX√ÉO""

QUERO AQUI PEDIR AOS MORADORES DAS OUTRAS RUAS VIZINHA DA RUA DO CEMIT√âRIO QUE N√ÉO VENHA JOGAR LIXO AQUI NA RUA, O CAMINH√ÉO DO LIXO PASSAR TODOS OS DIAS... https://t.co/pRS4QBnd59",sim

"Bairro Vista Alegre

Rua Carlota Antunes, moradores pedem o caminh√£o de lixo na regi√£o, n√£o est√° passando pela rua o lixeiro. Cad√™ o prefeito Nanci? https://t.co/0sxpThgjJr",sim

"@NihilEtOmnia @1potedemel @Pedro_ottoni @reimiranda58 @Padig U√©, eu sou educado, frequento carnaval mas n√£o jogo lixo na rua, n√£o fico arrumando briga, n√£o sai beijando bocas aleat√≥rias, ent√£o n√£o nivele quem frequenta essa festa que gera MILH√ïES pra economia brasileira. Se voc√™ n√£o gosta, s√≥ n√£o v√°, voc√™ √© livre pra isso.",n√£o

"Acabei de ver uma frase na rua ""proibido lixo colocar"" pq caralhos a pessoa inverteu a frase?",n√£o

19. falando higiene sempre tem os infeliz que jogam lixo no ch√£o e esquecem que a gente ta LITERALMENTE na rua e onde todas as baratas e ratos moram,n√£o

"Arco-√≠ris: a

Pessoas: ai vamos colocar no status aqui pagar de ""amo a natureza"" e depois jogar lixo na rua...",n√£o

"A Comlurb recolhe lixo regularmente no munic√≠pio do Rio de Janeiro, mas alguns idiotas insistem em jogar lixo na rua... https://t.co/sJ06ZsXIkz",n√£o

"@o_antagonista Esses ‚Äúmovimentos ‚Äú j√° conseguiram o que queriam, no ano passado: eleger seus representantes. Mas, nada como uma elei√ß√£o atr√°s da outra. Eles voltar√£o para o lixo da hist√≥ria. Dia 26, todos na rua!",n√£o

√ìdio dessas pessoa que jogam lixo na rua/estrada,n√£o

"A popula√ß√£o de Toledo √© deveras engra√ßada. Reclamam do lixo na rua, mas nunca pensaran que nao existe ""tirar lixo pra fora"". Bando de rico babaca que reclama no face e nunca pisou numa plen√°ria.",n√£o

SOMOS CAMBADOS PROP√ìN O ABARATAMENTO DO RECIBO DO LIXO E UNHA NOVA BOLSA DE ESTACIONAMENTO GRATUITO NA ZONA DA R√öA NOVA https://t.co/9qxGL7miSQ,n√£o

"@angela_nespoli @rsallesmma @mskanaan Isso em conjunto a educa√ß√£o do cidad√£o em n√£o jogar lixo na rua, funcionar√≠a muito bem.",n√£o

Eu fico muito puto quando as pessoas jogam lixo na rua,n√£o

Obrigado a galera a√≠ que joga lixo na rua. Minha cidade chove e alaga,n√£o

Raiva de gente que joga lixo no ch√£o bicho  todo dia eu arrumo uma briga na rua por causa disso,n√£o

N√£o sei o que passa na cabe√ßa de uma pessoa que ainda joga lixo na rua.,n√£o

fico apaixonado por pessoas na rua quando vejo elas colocando o lixo no bolso ou na mochila.,n√£o

"N√£o podemos jogar lixo na rua, mas tbm n√£o encontramos uma lixeira. √â pra jogar aonde? No √¢nus do prefeito?",n√£o

Rua Sebastiana Monteiro de Santana na Vila Real/Frei Dami√£o. Esgoto correndo a c√©u aberto, mato tomando as calcadas e lixo acumulado numa cidade onde a popula√ß√£o paga caro pela coleta. Moradores j√° solicitaram in√∫meras... https://t.co/C6loO1bMVQ",sim

"Vejam como √© colocado o lixo na cidade do Rio, aqui um exemplo rua da Concei√ßao com Julia Lopes https://t.co/ewGSKyaN0N",sim

"Que √≥dio de gente tacando lixo na rua pqp, vai alagar essa porra fdp",n√£o

"Eu fico mt brava qnd vejo algu√©m jogando lixo na rua, nossa",n√£o

"@SPTVBDSP A prefeitura de Santo Andr√© , n√£o cuida do lixo e entulho que o povo vem   jogando na cal√ßada da Rua Felipe Camar√£o pr√≥ximo a linha do trem onde faz divisa com sao Caetano, n√£o tem mais como caminhar. https://t.co/DK0mYMO03S",sim

Lixo na rua. Cachorros na rua da isso https://t.co/M5w9SKUgiw,n√£o

"minha vontade √© sair no soco com esse povo que joga lixo na rua o que custa jogar lixo no lixo desgra√ßado",n√£o

"@Prefeitura_Rio @GMRio Mentira para ingl√™s ver. A rua Gomes Carneiro est√° um lixo apesar do IPTU DE $20.000. Buraco imenso no asfalto, falta luz, e caminh√µes de gelo fazendo com√©rcio 24hs por dia na cara da PM e da GM. Prometem que v√£o resolver mas falta autoridade nesta administra√ß√£o",sim

Como √© que em pleno 2019 a criatura abre o vidro do carro e joga meio mundo de lixo na rua?,n√£o

"A popula√ß√£o tamb√©m √© culpada pois joga lixo na rua, e como n√£o tem coleta regularmente...",n√£o

EU TENHO TANTA RAIVA DE QUANDO ALGU√âM PERTO DE MIM JOGA LIXO NA RUA/CH√ÉO,n√£o

"ai mano que saco quando eu vou pra faculdade de short pq eu estudo de tarde e pq faz um calor infernal eu uso shorts e √© um nojo quando eu t√¥ na parada de √¥nibus/rua 
As vezes at√© fico me culpando por isso mas a√≠ lembro que n√£o sou culpada de homem ser um lixo https://t.co/lFDFd4HwLt",n√£o

"E al√©m de jogar lixo no ch√£o √© debochado. Se algu√©m me chamasse a aten√ß√£o na rua por jogar lixo no ch√£o eu ia ficar envergonhada pra cacete, n√£o ficar tirando onda",n√£o

"Hoje a merenda na escola do Cadu foi: p√£o puro. Sem margarina. Puro. Seco.
Obrigada prefeitura de campo grande. Por sorte meu filho vai alimentado... j√° outros...",sim

Acabei de receber uma not√≠cia de uma m√£e de um aluno da EC 39 do P.Norte que na escola os alunos est√£o sem merenda por que n√£o tem g√°s. Ser√° isso verdade? Se for √© o c√∫mulo do descaso com a educa√ß√£o. @Gov_DF @educadf @IbaneisOficial,sim

Alunos cumprem segundo dia sem aulas para exigir obras na escola em Vieira do Minho https://t.co/IVro5M22Pw https://t.co/oRn0Fd4XoJ,sim

"@rodrigobocardi Bom Dia Borcadi,Aqui na escola Joanna Abra√£o na Am√©ricanopolis tbm t√° sofrendo com a merenda desdo come√ßo das aulas em fev √†s crian√ßas est√£o sem merenda t√£o comendo s√≥ bolacha,bolinho,e uma vitamina de caixinha √© um absurdo isso o que t√° acontecendo nas escolas",sim

@taliriapetrone Acho que voc√™ deve voltar pra escola. Nunca vi uma professora t√£o sem conhecimento e ignorante no sentido literal da palavra. Extremamente preocupada com os alunos que assistiram √†s suas aulas. Como voc√™ pode ser eleita?,n√£o

"@trajaza N√£o, sou bolsista em escola particular a√≠ n√£o tem merenda ;-; mas se tivesse eu comeria sem problema",n√£o

"As aulas come√ßam essa semana, e estou sem escola, suave",n√£o

"As tias da merenda sempre passava o pano pra mim sair da escola, √†s melhores, sem mais!!",n√£o

Segunda as aulas volta e eu sem escola,n√£o

"Escola fica sem merenda e alunos t√™m apenas arroz servido em Irau√ßuba https://t.co/B5gK7tlvBA https://t.co/FXxly6zWQd

Vergonha!! https://t.co/F8lW6qmocu",sim

as aulas come√ßando e eu ainda sigo sem escola,n√£o

"@albertomourao  Por Favor !!! Agilizar o processo de contrata√ß√£o de professores. O meu filho estuda na escola municipal Rubens Costa de Lara / fica no bairro Esmeralda. Est√° sem aula porque n√£o tem professor dispon√≠vel para dar aula para 2¬∞ s√©rie, no per√≠odo das 11:00 as 15:00 .",sim

vir √† escola para as professoras cancelarem as aulas √© uma brincadeira sem gra√ßa,n√£o

Semana que vem come√ßa √†s aulas e eu t√¥ sem meu chinelo pra ir pra escola ningu√©m mereceü§¶üèΩ‚Äç‚ôÇÔ∏è,n√£o

"T√¥ na Rede: alunos da Escola Maria Ivone est√£o h√° 5 anos sem aulas de educa√ß√£o f√≠sica

 T√¥ na Rede: alunos da Escola Maria Ivone est√£o h√° 5 anos sem aulas de educa√ß√£o f√≠sica
Relato de aluno foi feito pelo aplicativo da Rede Amaz√¥nica. Seed fala sobre trabalhos que ser√£o feit‚Ä¶",sim

Tem que defender merenda com mistura! Hoje deram arroz e feij√£o sem mistura em escola do Graja√∫! https://t.co/TmSg9LpThQ,sim

minha escola ficou 3 semanas sem aulas de tarde pq n√£o tinha quem fazer merenda https://t.co/jKaSa4Zocn,sim

"@ueslei_00 am√©m, na minha escola nem xerox tinha direito, ficamos um m√™s sem aula pq n√£o tinha  guardinha e nem tia da limpeza. Tinha gente da minha escola que s√≥ comia o prato de comida que a escola dava pq n√£o tinha comida em casa. Fora as mil aulas vagas que t√≠nhamos toda semana",sim

"Escola em Juazeiro do Norte est√° h√° dois meses sem atividades por conta de reforma. As obras na institui√ß√£o ainda n√£o come√ßaram; 708 estudantes est√£o sem assistir aulas
https://t.co/3mpnNvIx5r",sim

"Leonardo Sakamoto se sentiria honrado se suas aulas fossem gravadas. Obrigado, Sakamoto, por apoiar o projeto ESCOLA SEM PARTIDO. https://t.co/ey4dgq4Rtr",n√£o

"Alunos est√£o sem merenda e √°gua h√° quase um m√™s em escola de S√£o Vicente, SP https://t.co/XxRs5cei5y",sim

Crian√ßas ficam sem merenda por falta de cozinheira em escola de Santos https://t.co/P8O0XdmViB,sim

"Na minha escola no andar de baixo que est√° sem uso, nos usamos pra n√≥s pegar kkk enquanto a tia da merenda sai, n√≥s mete o loko kkkkkkkkk eh isto",n√£o

"@brunocovas a escola do meu filho est√° em greve desde oq deveria ter sido o come√ßo das aulas e falam que a culpa √© sua. Me ajuda a√≠, vai?
Al√©m de estar gastando sem poder pra poder trabalhar e o √≥bvio preju√≠zo no ensino ele ainda est√° super triste pois tds voltaram e ele n√£o.",sim

"√â uma vergonha uma escola desde mar√ßo sem merenda ter que vir a TV para denunciar.
Os respons√°veis n√£o tiveram tempo para contratar ningu√©m? 
Tanta gente procurando trabalho?
Vergonha!!! 
Bom dia! #bdsp",sim

"Nesta segunda-feira cerca de 200 crian√ßas de uma escola, no bairro de √Ågua Fria, no Recife, realizaram um protesto porque est√£o sem aulas, em decorr√™ncia a falta de energia el√©trica. 
#SistemaOpini√£o #RecordTV #TVClube https://t.co/4in5PJeuAK",sim

"@EduardoLeite_ Estamos sem serventes, merendeiras e professores na escola Dom Frei em Muitos Cap√µes. Como vamos recuperar essas aulas perdidas? Alimentar quem passa horas com fome numa viagem de at√© 3h e manter banheiros e todo o ambiente escolar limpo? #QueremosNossosDireitos",sim

Escola Soares dos Reis sem aulas devido √† greve fun√ß√£o p√∫blica https://t.co/gEvljvfPFJ,sim

@portalne10 alunos do oitavo ano do fundamental II est√£o sem aulas de matem√°tica na Escola estadual Sigismundo Goncalves em Olinda. V√°rios professores faltam diariamente e n√£o tem o ponto cortado. Descaso total. Sem material escolar e sem passe livre ainda.,sim

"Passei o colegial indo dormir 2/3 da manh√£ e acordando 05:40 da manh√£ pra ir pra escola, dormia em todas as aulas, sem contar que o rendimento pro resto do dia n√£o √© reposto com sono picado entre noite e dia. A Paula est√° certa, e o pre√ßo na vida adulta √© alto! #TrocaDeEsposas",n√£o

"Crian√ßas de escola em S√£o Leopoldo est√£o sem aulas h√° tr√™s semanas por falta de professor https://t.co/cEoKLbzoyP",sim

Mano as aulas est√£o voltando e eu sem escola ainda ..,n√£o

como que volta √†s aulas sem ter que ir pra escola ver os ran√ßos?,n√£o

